{"android_play_store_link": "https://play.google.com/store/apps/details?id=com.wastickerapps.stickerstore&pcampaignid=fdl_short&url=https://stickify.app/stickerpack?id%3DAnimatedEmojiTest&referrer=utm_source%3Did_AnimatedEmojiTest%26utm_medium%3DStickify%2520View%2520More", "ios_app_store_link": "", "sticker_packs": [{"identifier": "AnimatedEmojiTest", "name": "TestPack", "tray_image_file": "tray.webp", "publisher": "Stickify Store", "publisher_full": "Stickify", "publisher_email": "", "publisher_website": "https://stickify.app", "privacy_policy_website": "", "license_agreement_website": "", "share_url": "https://stickify.page.link/M7LH", "is_premium": false, "stickers": [{"image_file": "0.webp", "emojis": ["\ud83d\udc4d"]}, {"image_file": "1.webp", "emojis": ["\u2764\ufe0f"]}, {"image_file": "2.webp", "emojis": ["\ud83d\ude02"]}, {"image_file": "3.webp", "emojis": ["\ud83d\ude0d"]}, {"image_file": "4.webp", "emojis": ["\ud83d\udc4d"]}, {"image_file": "5.webp", "emojis": ["\ud83d\ude18"]}, {"image_file": "6.webp", "emojis": ["\ud83d\udd25"]}, {"image_file": "7.webp", "emojis": ["\ud83d\ude0a"]}]}]}